product_line,market,sales,cogs,budget_cogs,marketing,total_expenses,profit,cogs_pct_sales,budget_cogs_pct_sales,cogs_variance,cogs_variance_pct_sales,marketing_pct_sales,expense_pct_sales,total_cost_pct_sales
Beans,Central,128781.00,54390.00,57540.00,18858.00,33165.00,46765.00,0.422345,0.446805,-3150.00,-0.024460,0.146435,0.257530,0.826310
Leaves,East,73538.00,34266.00,27180.00,10878.00,19569.00,21981.00,0.465963,0.369605,7086.00,0.096358,0.147924,0.266107,0.879994
Leaves,South,25677.00,10804.00,9160.00,4986.00,9520.00,5771.00,0.420766,0.356739,1644.00,0.064026,0.194182,0.370760,0.985707
Beans,East,105038.00,41588.00,37320.00,18564.00,30544.00,37236.00,0.395933,0.355300,4268.00,0.040633,0.176736,0.290790,0.863459
Beans,South,78249.00,33096.00,31580.00,11576.00,21482.00,26707.00,0.422957,0.403583,1516.00,0.019374,0.147938,0.274534,0.845429
Leaves,West,144508.00,67188.00,47180.00,24474.00,40077.00,41401.00,0.464943,0.326487,20008.00,0.138456,0.169361,0.277334,0.911638
Beans,West,127756.00,58622.00,61240.00,22584.00,39437.00,32595.00,0.458859,0.479351,-2618.00,-0.020492,0.176774,0.308690,0.944324
Leaves,Central,136264.00,58718.00,46680.00,20554.00,35868.00,47087.00,0.430914,0.342570,12038.00,0.088343,0.150840,0.263224,0.844977